{
  "dataset_shape": [
    10000,
    39
  ],
  "target_categories": {
    "good_targets": [
      "stage 1 3.5G attenuation",
      "stage 2 3.5G attenuation",
      "stage 1 7G attenuation",
      "stage 2 7G attenuation",
      "stage 1 14G attenuation",
      "stage 2 14G attenuation",
      "stage 1 28G attenuation",
      "stage 2 28G attenuation",
      "eye_maxHeight Vout_1 7G",
      "eye_maxHeight Vout_2 7G",
      "eye_maxHeight Vout_1 14G",
      "eye_maxHeight Vout_2 14G"
    ],
    "sparse_targets": [
      "eye_maxHeight Vout_1 28G",
      "eye_maxHeight Vout_2 28G",
      "eye_maxHeight Vout_1 56G",
      "eye_maxHeight Vout_2 56G"
    ],
    "constant_targets": [
      "eye_maxWidth Vout_1 7G",
      "eye_maxWidth Vout_2 7G",
      "eye_maxWidth Vout_1 14G",
      "eye_maxWidth Vout_2 14G",
      "eye_maxWidth Vout_1 28G",
      "eye_maxWidth Vout_2 28G",
      "eye_maxWidth Vout_1 56G",
      "eye_maxWidth Vout_2 56G"
    ],
    "problematic_targets": []
  },
  "model_performance": {
    "xgboost_robust": {
      "name": "XGBoost Robust (Chained)",
      "r2": 0.6123609966335591,
      "rmse": 0.2299365554490963,
      "mae": 0.07464637564870456,
      "individual_r2": [
        0.9940703184880567,
        0.9943768487457054,
        0.9945839355920522,
        0.9941829878103151,
        0.9879755775891608,
        0.9881479617468851,
        0.9883355530424165,
        0.9874682851434353,
        0.9886087572947316,
        -6.765060877045315e-05,
        0.9799502023948575,
        -1.3394505604669149e-05,
        0.9731102597386996,
        -1.3612563561693491e-05,
        0.9275485444179765,
        -0.001578837444965675,
        0.892431591787047,
        -0.00012171663429882962,
        0.8371937616466703,
        -0.001440568532106834,
        0.5301517789080039,
        -4.2625743583935005e-05,
        0.6419391719428825,
        -0.0001332110505849471
      ],
      "target_performance": {
        "stage 1 3.5G attenuation": {
          "r2": 0.9940703184880567,
          "mae": 0.05540847169165153,
          "category": "excellent"
        },
        "stage 1 7G attenuation": {
          "r2": 0.9943768487457054,
          "mae": 0.054623834841976096,
          "category": "excellent"
        },
        "stage 1 14G attenuation": {
          "r2": 0.9945839355920522,
          "mae": 0.051903223794843314,
          "category": "excellent"
        },
        "stage 1 28G attenuation": {
          "r2": 0.9941829878103151,
          "mae": 0.05068664298951835,
          "category": "excellent"
        },
        "stage 2 3.5G attenuation": {
          "r2": 0.9879755775891608,
          "mae": 0.07873605127740098,
          "category": "excellent"
        },
        "stage 2 7G attenuation": {
          "r2": 0.9881479617468851,
          "mae": 0.07679731557517273,
          "category": "excellent"
        },
        "stage 2 14G attenuation": {
          "r2": 0.9883355530424165,
          "mae": 0.07265023116264233,
          "category": "excellent"
        },
        "stage 2 28G attenuation": {
          "r2": 0.9874682851434353,
          "mae": 0.0680184839456442,
          "category": "excellent"
        },
        "eye_maxHeight Vout_1 7G": {
          "r2": 0.9886087572947316,
          "mae": 0.07919058159977276,
          "category": "excellent"
        },
        "eye_maxWidth Vout_1 7G": {
          "r2": -6.765060877045315e-05,
          "mae": 7.9624075331228e-07,
          "category": "negative"
        },
        "eye_maxHeight Vout_2 7G": {
          "r2": 0.9799502023948575,
          "mae": 0.07561703479463014,
          "category": "excellent"
        },
        "eye_maxWidth Vout_2 7G": {
          "r2": -1.3394505604669149e-05,
          "mae": 8.048761729229761e-07,
          "category": "negative"
        },
        "eye_maxHeight Vout_1 14G": {
          "r2": 0.9731102597386996,
          "mae": 0.11095117499882202,
          "category": "excellent"
        },
        "eye_maxWidth Vout_1 14G": {
          "r2": -1.3612563561693491e-05,
          "mae": 7.906142227252706e-07,
          "category": "negative"
        },
        "eye_maxHeight Vout_2 14G": {
          "r2": 0.9275485444179765,
          "mae": 0.13561629197143266,
          "category": "excellent"
        },
        "eye_maxWidth Vout_2 14G": {
          "r2": -0.001578837444965675,
          "mae": 7.974829199119788e-07,
          "category": "negative"
        },
        "eye_maxHeight Vout_1 28G": {
          "r2": 0.892431591787047,
          "mae": 0.17539569094030244,
          "category": "good"
        },
        "eye_maxWidth Vout_1 28G": {
          "r2": -0.00012171663429882962,
          "mae": 8.040182942772002e-07,
          "category": "negative"
        },
        "eye_maxHeight Vout_2 28G": {
          "r2": 0.8371937616466703,
          "mae": 0.19366195156936714,
          "category": "good"
        },
        "eye_maxWidth Vout_2 28G": {
          "r2": -0.001440568532106834,
          "mae": 8.01946595865984e-07,
          "category": "negative"
        },
        "eye_maxHeight Vout_1 56G": {
          "r2": 0.5301517789080039,
          "mae": 0.29015980716571166,
          "category": "fair"
        },
        "eye_maxWidth Vout_1 56G": {
          "r2": -4.2625743583935005e-05,
          "mae": 8.114231752707786e-07,
          "category": "negative"
        },
        "eye_maxHeight Vout_2 56G": {
          "r2": 0.6419391719428825,
          "mae": 0.22208983981881442,
          "category": "fair"
        },
        "eye_maxWidth Vout_2 56G": {
          "r2": -0.0001332110505849471,
          "mae": 7.80829072489933e-07,
          "category": "negative"
        }
      },
      "negative_r2_count": 8,
      "good_r2_count": 2,
      "excellent_r2_count": 12,
      "training_time": 4.538510084152222,
      "type_performance": {
        "challenging": 0.6123609966335591
      }
    },
    "lightgbm_robust": {
      "name": "LightGBM Robust (Chained)",
      "r2": 0.6110237798734812,
      "rmse": 0.23284237651930104,
      "mae": 0.07856874150918948,
      "individual_r2": [
        0.9920542969170915,
        0.9928271872655297,
        0.9931093720462024,
        0.9926829318634396,
        0.9847632088219119,
        0.9849277200392612,
        0.9858842652453381,
        0.984682734180048,
        0.9888170830777565,
        -6.765061469748979e-05,
        0.9776196979548667,
        -1.339450549764365e-05,
        0.9684462140500785,
        -1.3612563553477841e-05,
        0.9231842788647082,
        -0.0015788374423737483,
        0.8849884138794037,
        -0.00012171663438365066,
        0.8349000924171059,
        -0.0014405685320777462,
        0.5386786509185524,
        -4.262575107638611e-05,
        0.6404161865163939,
        -0.0001332110504790318
      ],
      "target_performance": {
        "stage 1 3.5G attenuation": {
          "r2": 0.9920542969170915,
          "mae": 0.06496484832490527,
          "category": "excellent"
        },
        "stage 1 7G attenuation": {
          "r2": 0.9928271872655297,
          "mae": 0.061973733851759555,
          "category": "excellent"
        },
        "stage 1 14G attenuation": {
          "r2": 0.9931093720462024,
          "mae": 0.05766952234683606,
          "category": "excellent"
        },
        "stage 1 28G attenuation": {
          "r2": 0.9926829318634396,
          "mae": 0.05505944516112209,
          "category": "excellent"
        },
        "stage 2 3.5G attenuation": {
          "r2": 0.9847632088219119,
          "mae": 0.08802751695171218,
          "category": "excellent"
        },
        "stage 2 7G attenuation": {
          "r2": 0.9849277200392612,
          "mae": 0.08717932412062067,
          "category": "excellent"
        },
        "stage 2 14G attenuation": {
          "r2": 0.9858842652453381,
          "mae": 0.078992671635136,
          "category": "excellent"
        },